cluster,total_users,avg_orders,avg_days_between
0,8119,7.400295602906762,25.901419606803504
1,2634,66.5637813211845,4.23304620364626
2,18969,7.7871263640676895,6.6374054790419885
3,8446,31.04759649538243,7.196720037135754
